{
  "meta": {
    "source": "file",
    "filename": "Tutti Morti.mp3",
    "youtube_url": null,
    "title": null,
    "duration_sec": 81.56,
    "sample_rate": 44100,
    "analysis_sample_rate": 22050,
    "notes": []
  },
  "R": {
    "bpm": 172.265625,
    "bpm_confidence": 1.0,
    "time_signature": "3/4",
    "beat_regularity": 0.9637293654604451,
    "groove_complexity": 0.24790270602373907,
    "swing_ratio": 0.3,
    "onset_density": 1.5067490032972686,
    "polyrhythm_flag": false
  },
  "M": {
    "pitch_range_hz": 1506.1902954101563,
    "pitch_mean_hz": 406.0797686089618,
    "pitch_std_hz": 194.33969546930427,
    "mean_interval_semitones": 0.48201350521792513,
    "contour_direction": -0.008287292817679558,
    "stepwise_ratio": 0.9408839779005524,
    "voiced_ratio": 0.9996317888922983,
    "vocal_likelihood": 0.42065930366516113,
    "pitch_confidence": 0.4220967333838108,
    "pitch_class_histogram": [
      0.057839827589751466,
      0.06673826260355939,
      0.07686406796409943,
      0.09005829919146979,
      0.10509358593893835,
      0.09251303988493405,
      0.09097882695151889,
      0.10110463231205893,
      0.08238723452439399,
      0.09389383152500769,
      0.07410248468395214,
      0.06842589683031605
    ],
    "contour_symbols": [
      "R",
      "R",
      "R",
      "D",
      "D",
      "R",
      "R",
      "R",
      "R",
      "R",
      "R",
      "R",
      "R",
      "R",
      "R",
      "R",
      "R",
      "R",
      "R",
      "R",
      "R",
      "R",
      "R",
      "R",
      "R",
      "U",
      "R",
      "R",
      "R",
      "R",
      "R",
      "R",
      "R",
      "R",
      "R",
      "R",
      "R",
      "R",
      "R",
      "R",
      "R",
      "R",
      "R",
      "R",
      "R",
      "R",
      "R",
      "R",
      "R",
      "R",
      "D",
      "R",
      "D",
      "D",
      "R",
      "R",
      "R",
      "R",
      "R",
      "R",
      "R",
      "R",
      "D",
      "R",
      "R",
      "R",
      "R",
      "R",
      "R",
      "R",
      "R",
      "R",
      "R",
      "R",
      "R",
      "R",
      "R",
      "R",
      "R",
      "R",
      "R",
      "R",
      "U",
      "R",
      "R",
      "R",
      "R",
      "R",
      "R",
      "R",
      "R",
      "R",
      "R",
      "R",
      "R",
      "R",
      "R",
      "R",
      "R",
      "R",
      "D",
      "R",
      "R",
      "R",
      "R",
      "R",
      "R",
      "R",
      "U",
      "R",
      "R",
      "R",
      "R",
      "R",
      "R",
      "R",
      "R",
      "R",
      "R",
      "R",
      "D",
      "D",
      "R",
      "R",
      "R",
      "R",
      "R",
      "R",
      "U",
      "R",
      "R",
      "R",
      "R",
      "R",
      "R",
      "R",
      "R",
      "R",
      "R",
      "R",
      "R",
      "R",
      "R",
      "R",
      "R",
      "R",
      "R",
      "R",
      "R",
      "D",
      "D",
      "D",
      "R",
      "R",
      "R",
      "R",
      "R",
      "R",
      "R",
      "R",
      "R",
      "R",
      "R",
      "R",
      "R",
      "R",
      "R",
      "R",
      "R",
      "R",
      "R",
      "R",
      "R",
      "R",
      "R",
      "R",
      "R",
      "R",
      "R",
      "D",
      "R",
      "R",
      "D",
      "R",
      "R",
      "R",
      "R",
      "R",
      "R",
      "R",
      "R",
      "R",
      "R",
      "D",
      "R",
      "D",
      "R",
      "R",
      "R",
      "R"
    ],
    "interval_histogram": [
      0.0018416206261510127,
      0.00046040515653775324,
      0.0003069367710251688,
      0.0006138735420503376,
      0.0012277470841006752,
      0.001534683855125844,
      0.002608962553713935,
      0.004910988336402701,
      0.0055248618784530384,
      0.01043585021485574,
      0.016574585635359115,
      0.05478821362799263,
      0.8060159607120934,
      0.048496009821976674,
      0.014886433394720688,
      0.009515039901780233,
      0.0050644567219152855,
      0.0055248618784530384,
      0.0029158993247391037,
      0.0018416206261510127,
      0.0013812154696132596,
      0.0009208103130755065,
      0.0010742786985880907,
      0.0001534683855125844,
      0.0013812154696132596
    ],
    "contour_bigrams": {
      "UU": 0.0284,
      "UD": 0.0,
      "UR": 0.0648,
      "DU": 0.0,
      "DD": 0.0289,
      "DR": 0.072,
      "RU": 0.0648,
      "RD": 0.072,
      "RR": 0.6692
    },
    "pc_transition_matrix": [
      [
        0.7787,
        0.0605,
        0.0192,
        0.0104,
        0.0104,
        0.0028,
        0.0083,
        0.0079,
        0.0111,
        0.0134,
        0.0106,
        0.0665
      ],
      [
        0.0437,
        0.7586,
        0.0598,
        0.0345,
        0.0092,
        0.0,
        0.0115,
        0.0092,
        0.0092,
        0.0115,
        0.0322,
        0.0207
      ],
      [
        0.0158,
        0.0582,
        0.793,
        0.0524,
        0.0116,
        0.0183,
        0.0074,
        0.0108,
        0.01,
        0.0033,
        0.0075,
        0.0116
      ],
      [
        0.005,
        0.019,
        0.0408,
        0.8212,
        0.0543,
        0.0189,
        0.0064,
        0.0089,
        0.0089,
        0.0038,
        0.0076,
        0.0051
      ],
      [
        0.0067,
        0.0151,
        0.0176,
        0.0431,
        0.8293,
        0.0428,
        0.0085,
        0.0072,
        0.0096,
        0.0042,
        0.0048,
        0.0108
      ],
      [
        0.0062,
        0.0027,
        0.0062,
        0.0084,
        0.0688,
        0.8029,
        0.0627,
        0.0156,
        0.0076,
        0.008,
        0.004,
        0.0071
      ],
      [
        0.0049,
        0.0063,
        0.0071,
        0.0111,
        0.0125,
        0.0632,
        0.8135,
        0.0539,
        0.0118,
        0.0063,
        0.0043,
        0.0049
      ],
      [
        0.0095,
        0.0037,
        0.0044,
        0.0051,
        0.0145,
        0.0191,
        0.0539,
        0.8202,
        0.0433,
        0.0108,
        0.0102,
        0.0051
      ],
      [
        0.0052,
        0.0138,
        0.0087,
        0.0098,
        0.0037,
        0.0138,
        0.0167,
        0.0543,
        0.784,
        0.0577,
        0.013,
        0.019
      ],
      [
        0.0075,
        0.0027,
        0.0075,
        0.0034,
        0.0041,
        0.0109,
        0.0048,
        0.0279,
        0.0599,
        0.8225,
        0.0334,
        0.0157
      ],
      [
        0.0138,
        0.0122,
        0.0118,
        0.0045,
        0.0061,
        0.0049,
        0.0102,
        0.0077,
        0.0212,
        0.066,
        0.8019,
        0.0399
      ],
      [
        0.0494,
        0.0202,
        0.0112,
        0.0067,
        0.0135,
        0.0045,
        0.009,
        0.0067,
        0.0135,
        0.0292,
        0.0558,
        0.7806
      ]
    ],
    "pitch_class_profile_relative": [
      0.05783982816814974,
      0.06673826327094201,
      0.07686406873274011,
      0.09005830009205278,
      0.1050935869898742,
      0.09251304081006444,
      0.09097882786130715,
      0.10110463332310525,
      0.08238723534826634,
      0.09389383246394599,
      0.07410248542497698,
      0.06842589751457502
    ]
  },
  "H": {
    "key": "C",
    "mode": "major",
    "key_center": "C",
    "key_mode": "major",
    "key_confidence": 0.3194,
    "key_candidates": [
      {
        "key": "C",
        "mode": "major",
        "score": 0.7718
      },
      {
        "key": "A",
        "mode": "minor",
        "score": 0.7391
      },
      {
        "key": "F",
        "mode": "major",
        "score": 0.6256
      }
    ],
    "mode_ambiguity": "low",
    "mode_confidence": 0.3194,
    "tuning_offset_cents": 0.0,