{
  "meta": {
    "source": "file",
    "filename": "TestSong_demo.mp3",
    "title": "",
    "language": "auto",
    "declared_bpm": "",
    "declared_key": "",
    "duration_sec": 133.67,
    "sample_rate": 44100,
    "analysis_sample_rate": 22050,
    "notes": []
  },
  "R": {
    "bpm": 117.45383522727273,
    "bpm_confidence": 1.0,
    "time_signature": "4/4",
    "beat_regularity": 0.9768243228176063,
    "groove_complexity": 0.07949475753914309,
    "swing_ratio": 0.5116279068577609,
    "onset_density": 2.444435542530292,
    "polyrhythm_flag": false
  },
  "M": {
    "pitch_range_hz": 898.6219879150391,
    "pitch_mean_hz": 528.4388153362619,
    "pitch_std_hz": 216.6455324304839,
    "mean_interval_semitones": 0.8609135222964435,
    "contour_direction": -0.03747968947463441,
    "stepwise_ratio": 0.9071312511283626,
    "voiced_ratio": 1.0,
    "vocal_likelihood": 0.7072731852531433,
    "pitch_confidence": 0.7019108710588255,
    "pitch_class_histogram": [
      0.06101082971480146,
      0.07752707503700362,
      0.07933212917057764,
      0.08826714713176897,
      0.10424187621389894,
      0.0972021650929603,
      0.0947653420126354,
      0.10938628049458486,
      0.07680505338357402,
      0.07599277902346571,
      0.07879061293050543,
      0.05667869979422384
    ],
    "contour_symbols": [
      "R",
      "R",
      "R",
      "R",
      "D",
      "R",
      "D",
      "D",
      "R",
      "D",
      "D",
      "R",
      "D",
      "R",
      "R",
      "R",
      "R",
      "R",
      "R",
      "R",
      "R",
      "R",
      "R",
      "R",
      "R",
      "R",
      "R",
      "R",
      "R",
      "U",
      "R",
      "R",
      "R",
      "R",
      "R",
      "R",
      "R",
      "R",
      "R",
      "R",
      "R",
      "R",
      "U",
      "U",
      "R",
      "R",
      "R",
      "R",
      "R",
      "D",
      "R",
      "R",
      "R",
      "R",
      "R",
      "U",
      "R",
      "R",
      "R",
      "R",
      "R",
      "R",
      "R",
      "D",
      "D",
      "D",
      "R",
      "D",
      "R",
      "D",
      "R",
      "D",
      "R",
      "R",
      "R",
      "R",
      "R",
      "U",
      "U",
      "R",
      "R",
      "R",
      "R",
      "R",
      "R",
      "D",
      "R",
      "R",
      "R",
      "R",
      "R",
      "R",
      "U",
      "R",
      "R",
      "R",
      "U",
      "R",
      "U",
      "R",
      "R",
      "R",
      "R",
      "R",
      "D",
      "R",
      "R",
      "R",
      "R",
      "R",
      "U",
      "U",
      "R",
      "R",
      "R",
      "R",
      "R",
      "D",
      "R",
      "R",
      "R",
      "R",
      "R",
      "R",
      "D",
      "R",
      "R",
      "R",
      "R",
      "D",
      "R",
      "D",
      "D",
      "R",
      "R",
      "R",
      "D",
      "D",
      "R",
      "R",
      "R",
      "R",
      "R",
      "D",
      "R",
      "R",
      "R",
      "R",
      "R",
      "R",
      "U",
      "U",
      "U",
      "U",
      "U",
      "R",
      "R",
      "R",
      "R",
      "R",
      "D",
      "D",
      "R",
      "R",
      "R",
      "D",
      "R",
      "R",
      "D",
      "R",
      "R",
      "R",
      "R",
      "R",
      "U",
      "U",
      "U",
      "U",
      "U",
      "R",
      "R",
      "R",
      "R",
      "R",
      "D",
      "D",
      "R",
      "D",
      "R",
      "R",
      "R",
      "R",
      "R",
      "R",
      "R",
      "U",
      "U",
      "R",
      "R",
      "R"
    ],
    "interval_histogram": [
      0.007221520129987363,
      0.0009929590178732624,
      0.0015345730276223146,
      0.0017151110308719986,
      0.0017151110308719986,
      0.0022567250406210506,
      0.003159415056869471,
      0.004964795089366311,
      0.00803394114461094,
      0.012366853222603358,
      0.023740747427333453,
      0.07411085033399531,
      0.7516699765300596,
      0.04378046578804838,
      0.016158151290846724,
      0.01020039718360715,
      0.00758259613648673,
      0.005867485105614732,
      0.004874526087741469,
      0.0020761870373713666,
      0.0020761870373713666,
      0.0018956490341216826,
      0.002166456038996209,
      0.0015345730276223146,
      0.008304748149485466
    ],
    "contour_bigrams": {
      "UU": 0.0472,
      "UD": 0.0001,
      "UR": 0.0593,
      "DU": 0.0,
      "DD": 0.0611,
      "DR": 0.0808,
      "RU": 0.0593,
      "RD": 0.0807,
      "RR": 0.6116
    },
    "pc_transition_matrix": [
      [
        0.7308,
        0.0451,
        0.0201,
        0.0187,
        0.0133,
        0.0097,
        0.0122,
        0.0167,
        0.0155,
        0.011,
        0.0316,
        0.0751
      ],
      [
        0.0629,
        0.7668,
        0.0425,
        0.0312,
        0.0188,
        0.0066,
        0.0156,
        0.0057,
        0.009,
        0.0163,
        0.0065,
        0.0179
      ],
      [
        0.027,
        0.0601,
        0.7356,
        0.0581,
        0.0229,
        0.0169,
        0.0169,
        0.0207,
        0.0086,
        0.0054,
        0.0105,
        0.017
      ],
      [
        0.0188,
        0.0339,
        0.0657,
        0.7267,
        0.0567,
        0.0242,
        0.0198,
        0.0065,
        0.0143,
        0.009,
        0.0144,
        0.0101
      ],
      [
        0.0091,
        0.0091,
        0.0179,
        0.0703,
        0.7798,
        0.05,
        0.0179,
        0.0139,
        0.0088,
        0.0078,
        0.0093,
        0.0058
      ],
      [
        0.0069,
        0.009,
        0.0167,
        0.0298,
        0.0742,
        0.774,
        0.0452,
        0.0119,
        0.0069,
        0.009,
        0.0063,
        0.0103
      ],
      [
        0.0097,
        0.0103,
        0.0141,
        0.0212,
        0.0249,
        0.0785,
        0.7395,
        0.0592,
        0.0142,
        0.0126,
        0.0113,
        0.0041
      ],
      [
        0.0084,
        0.0093,
        0.0095,
        0.0144,
        0.0134,
        0.0207,
        0.0729,
        0.7785,
        0.0368,
        0.0147,
        0.0117,
        0.0099
      ],
      [
        0.007,
        0.0105,
        0.0084,
        0.0035,
        0.013,
        0.0163,
        0.0372,
        0.0889,
        0.7398,
        0.0492,
        0.0141,
        0.0119
      ],
      [
        0.0071,
        0.0071,
        0.0142,
        0.0154,
        0.0096,
        0.0059,
        0.0166,
        0.038,
        0.0835,
        0.7479,
        0.043,
        0.0119
      ],
      [
        0.0186,
        0.0138,
        0.0176,
        0.009,
        0.0086,
        0.0043,
        0.0057,
        0.0129,
        0.0277,
        0.0825,
        0.7652,
        0.0343
      ],
      [
        0.037,
        0.0238,
        0.0165,
        0.0186,
        0.016,
        0.0051,
        0.0142,
        0.0189,
        0.0207,
        0.0186,
        0.0896,
        0.7207
      ]
    ],
    "pitch_class_profile_relative": [
      0.07599277978339349,
      0.07879061371841155,
      0.056678700361010824,
      0.06101083032490974,
      0.07752707581227436,
      0.07933212996389892,
      0.08826714801444042,
      0.10424187725631769,
      0.09720216606498193,
      0.0947653429602888,
      0.10938628158844764,
      0.07680505415162454
    ]
  },
  "H": {
    "key": "A",
    "mode": "minor",
    "key_center": "A",
    "key_mode": "minor",
    "key_confidence": 1.0,
    "key_candidates": [
      {
        "key": "A",
        "mode": "minor",
        "score": 0.8349
      },
      {
        "key": "C",
        "mode": "major",
        "score": 0.6017
      },
      {
        "key": "F",
        "mode": "major",
        "score": 0.6014
      }
    ],
    "mode_ambiguity": "low",
    "mode_confidence": 1.0,
    "tuning_offset_cents": 4.0000000000000036,